"","id","font","cond","acc","new_id","Typeface","timed"
"1","546a979ffdf99b3f01f121a2","flu","timed",0.333333333333333,"1","Arial","Timed"
"2","546a979ffdf99b3f01f121a2","SF","timed",0.333333333333333,"1","Sans Forgetica","Timed"
"3","548cdd6bfdf99b586046fb39","flu","timed",0.416666666666667,"2","Arial","Timed"
"4","548cdd6bfdf99b586046fb39","SF","timed",0.0833333333333333,"2","Sans Forgetica","Timed"
"5","5588ee6ffdf99b304dd48297","flu","self-paced",0.0833333333333333,"3","Arial","Self-paced"
"6","5588ee6ffdf99b304dd48297","SF","self-paced",0.25,"3","Sans Forgetica","Self-paced"
"7","5589b65afdf99b118adfa595","flu","timed",0.0833333333333333,"4","Arial","Timed"
"8","5589b65afdf99b118adfa595","SF","timed",0.166666666666667,"4","Sans Forgetica","Timed"
"9","55c958fefdf99b6ca640bac2","flu","self-paced",0.5,"5","Arial","Self-paced"
"10","55c958fefdf99b6ca640bac2","SF","self-paced",0.416666666666667,"5","Sans Forgetica","Self-paced"
"11","56511e48715ff50011a436c2","flu","self-paced",0,"6","Arial","Self-paced"
"12","56511e48715ff50011a436c2","SF","self-paced",0.0833333333333333,"6","Sans Forgetica","Self-paced"
"13","56c9b9ce10a82f000cffd262","flu","timed",0.0833333333333333,"7","Arial","Timed"
"14","56c9b9ce10a82f000cffd262","SF","timed",0.0833333333333333,"7","Sans Forgetica","Timed"
"15","5730e42cdd66170008d9ad96","flu","timed",0.166666666666667,"8","Arial","Timed"
"16","5730e42cdd66170008d9ad96","SF","timed",0.416666666666667,"8","Sans Forgetica","Timed"
"17","575865ba7b74a80006de2689","flu","self-paced",0.333333333333333,"9","Arial","Self-paced"
"18","575865ba7b74a80006de2689","SF","self-paced",0.0833333333333333,"9","Sans Forgetica","Self-paced"
"19","57a761c22fc0d400012c9656","flu","timed",0.25,"10","Arial","Timed"
"20","57a761c22fc0d400012c9656","SF","timed",0.166666666666667,"10","Sans Forgetica","Timed"
"21","57d6c903722df500017f377a","flu","timed",0,"11","Arial","Timed"
"22","57d6c903722df500017f377a","SF","timed",0.833333333333333,"11","Sans Forgetica","Timed"
"23","58d7896b4240e5000118f705","flu","self-paced",0.333333333333333,"12","Arial","Self-paced"
"24","58d7896b4240e5000118f705","SF","self-paced",0.333333333333333,"12","Sans Forgetica","Self-paced"
"25","58ed2be2a083320001a13783","flu","self-paced",0,"13","Arial","Self-paced"
"26","58ed2be2a083320001a13783","SF","self-paced",0.166666666666667,"13","Sans Forgetica","Self-paced"
"27","59060035fa5ffd00017c6897","flu","timed",0.25,"14","Arial","Timed"
"28","59060035fa5ffd00017c6897","SF","timed",0.666666666666667,"14","Sans Forgetica","Timed"
"29","596c36966956b40001c59d4e","flu","timed",0.416666666666667,"15","Arial","Timed"
"30","596c36966956b40001c59d4e","SF","timed",0.5,"15","Sans Forgetica","Timed"
"31","5971678a888ab80001040d2d","flu","timed",0.333333333333333,"16","Arial","Timed"
"32","5971678a888ab80001040d2d","SF","timed",0.5,"16","Sans Forgetica","Timed"
"33","5a0071766e1ea9000124db35","flu","self-paced",0.25,"17","Arial","Self-paced"
"34","5a0071766e1ea9000124db35","SF","self-paced",0.333333333333333,"17","Sans Forgetica","Self-paced"
"35","5a2e4e2f443c10000121161c","flu","timed",0.0833333333333333,"18","Arial","Timed"
"36","5a2e4e2f443c10000121161c","SF","timed",0.166666666666667,"18","Sans Forgetica","Timed"
"37","5a5d7a42acc75b00017a8193","flu","self-paced",0.25,"19","Arial","Self-paced"
"38","5a5d7a42acc75b00017a8193","SF","self-paced",0.25,"19","Sans Forgetica","Self-paced"
"39","5ab84333f69e940001d8f0af","flu","self-paced",0,"20","Arial","Self-paced"
"40","5ab84333f69e940001d8f0af","SF","self-paced",0.25,"20","Sans Forgetica","Self-paced"
"41","5accdfaebf2ab00001aa8215","flu","timed",0.166666666666667,"21","Arial","Timed"
"42","5accdfaebf2ab00001aa8215","SF","timed",0.25,"21","Sans Forgetica","Timed"
"43","5b02d381293d310001025a8d","flu","timed",0.333333333333333,"22","Arial","Timed"
"44","5b02d381293d310001025a8d","SF","timed",0.25,"22","Sans Forgetica","Timed"
"45","5b04e335331e8100018f7b76","flu","timed",0.166666666666667,"23","Arial","Timed"
"46","5b04e335331e8100018f7b76","SF","timed",0.0833333333333333,"23","Sans Forgetica","Timed"
"47","5b27e2e54790440001409d62","flu","self-paced",0.416666666666667,"24","Arial","Self-paced"
"48","5b27e2e54790440001409d62","SF","self-paced",0.666666666666667,"24","Sans Forgetica","Self-paced"
"49","5b3512c6415e920001b55046","flu","timed",0.666666666666667,"25","Arial","Timed"
"50","5b3512c6415e920001b55046","SF","timed",0.5,"25","Sans Forgetica","Timed"
"51","5b5b4df10d0e6800012cd36c","flu","self-paced",0.166666666666667,"26","Arial","Self-paced"
"52","5b5b4df10d0e6800012cd36c","SF","self-paced",0.5,"26","Sans Forgetica","Self-paced"
"53","5b7ca6161e35f0000172fa14","flu","timed",0.333333333333333,"27","Arial","Timed"
"54","5b7ca6161e35f0000172fa14","SF","timed",0.25,"27","Sans Forgetica","Timed"
"55","5b9489e56138fe0001f4104d","flu","timed",0.333333333333333,"28","Arial","Timed"
"56","5b9489e56138fe0001f4104d","SF","timed",0.583333333333333,"28","Sans Forgetica","Timed"
"57","5bdbf2d92562330001b8d056","flu","self-paced",0.25,"29","Arial","Self-paced"
"58","5bdbf2d92562330001b8d056","SF","self-paced",0.333333333333333,"29","Sans Forgetica","Self-paced"
"59","5be74b8dd153f500019a6ace","flu","timed",0.5,"30","Arial","Timed"
"60","5be74b8dd153f500019a6ace","SF","timed",0.416666666666667,"30","Sans Forgetica","Timed"
"61","5bef830d1e78580001dc03f6","flu","self-paced",0.833333333333333,"31","Arial","Self-paced"
"62","5bef830d1e78580001dc03f6","SF","self-paced",0.666666666666667,"31","Sans Forgetica","Self-paced"
"63","5c0c8097594d92000167cb6d","flu","timed",0.333333333333333,"32","Arial","Timed"
"64","5c0c8097594d92000167cb6d","SF","timed",0.416666666666667,"32","Sans Forgetica","Timed"
"65","5c12b788e658ce00017e29d4","flu","self-paced",0.25,"33","Arial","Self-paced"
"66","5c12b788e658ce00017e29d4","SF","self-paced",0.416666666666667,"33","Sans Forgetica","Self-paced"
"67","5c19d6768e10de0001ff255f","flu","timed",0.166666666666667,"34","Arial","Timed"
"68","5c19d6768e10de0001ff255f","SF","timed",0.5,"34","Sans Forgetica","Timed"
"69","5c1dc77ee2d9150001b5b70e","flu","timed",0.0833333333333333,"35","Arial","Timed"
"70","5c1dc77ee2d9150001b5b70e","SF","timed",0.416666666666667,"35","Sans Forgetica","Timed"
"71","5c2fd11610677f0001dd7efc","flu","self-paced",0.0833333333333333,"36","Arial","Self-paced"
"72","5c2fd11610677f0001dd7efc","SF","self-paced",0.166666666666667,"36","Sans Forgetica","Self-paced"
"73","5c313f27867f660001b0601c","flu","self-paced",0.666666666666667,"37","Arial","Self-paced"
"74","5c313f27867f660001b0601c","SF","self-paced",0.416666666666667,"37","Sans Forgetica","Self-paced"
"75","5c3a26de955b850001d8b11d","flu","self-paced",0.5,"38","Arial","Self-paced"
"76","5c3a26de955b850001d8b11d","SF","self-paced",0.583333333333333,"38","Sans Forgetica","Self-paced"
"77","5c449f7948956f0001547a85","flu","timed",0.25,"39","Arial","Timed"
"78","5c449f7948956f0001547a85","SF","timed",0.333333333333333,"39","Sans Forgetica","Timed"
"79","5c476d19e101a500012ec201","flu","self-paced",0,"40","Arial","Self-paced"
"80","5c476d19e101a500012ec201","SF","self-paced",0.25,"40","Sans Forgetica","Self-paced"
"81","5c49a5f7cfaf510001550a96","flu","timed",0.416666666666667,"41","Arial","Timed"
"82","5c49a5f7cfaf510001550a96","SF","timed",0.5,"41","Sans Forgetica","Timed"
"83","5c4ac37abe23f50001e7f8b4","flu","self-paced",0.166666666666667,"42","Arial","Self-paced"
"84","5c4ac37abe23f50001e7f8b4","SF","self-paced",0.25,"42","Sans Forgetica","Self-paced"
"85","5c51bcaeb7449200013a8517","flu","timed",0.166666666666667,"43","Arial","Timed"
"86","5c51bcaeb7449200013a8517","SF","timed",0.666666666666667,"43","Sans Forgetica","Timed"
"87","5c5258cfef90a30001840860","flu","self-paced",0.0833333333333333,"44","Arial","Self-paced"
"88","5c5258cfef90a30001840860","SF","self-paced",0.0833333333333333,"44","Sans Forgetica","Self-paced"
"89","5c52c825ea00280001fce29d","flu","timed",0.166666666666667,"45","Arial","Timed"
"90","5c52c825ea00280001fce29d","SF","timed",0.333333333333333,"45","Sans Forgetica","Timed"
"91","5c5f933f59ec1d0001fe64e7","flu","timed",0.5,"46","Arial","Timed"
"92","5c5f933f59ec1d0001fe64e7","SF","timed",0.75,"46","Sans Forgetica","Timed"
"93","5c5fd4ac52115f0001910a1f","flu","timed",0.25,"47","Arial","Timed"
"94","5c5fd4ac52115f0001910a1f","SF","timed",0.416666666666667,"47","Sans Forgetica","Timed"
"95","5c6f97ffd8ae4f000192fe18","flu","self-paced",0.333333333333333,"48","Arial","Self-paced"
"96","5c6f97ffd8ae4f000192fe18","SF","self-paced",0.333333333333333,"48","Sans Forgetica","Self-paced"
"97","5c7070519f9392000150023c","flu","self-paced",0,"49","Arial","Self-paced"
"98","5c7070519f9392000150023c","SF","self-paced",0.0833333333333333,"49","Sans Forgetica","Self-paced"
"99","5c742339e621f900163f4543","flu","self-paced",0.333333333333333,"50","Arial","Self-paced"
"100","5c742339e621f900163f4543","SF","self-paced",0.583333333333333,"50","Sans Forgetica","Self-paced"
"101","5c75471e5eb59f000131c7a4","flu","self-paced",0.25,"51","Arial","Self-paced"
"102","5c75471e5eb59f000131c7a4","SF","self-paced",0.0833333333333333,"51","Sans Forgetica","Self-paced"
"103","5c856d52bce73c00018c4508","flu","timed",0.0833333333333333,"52","Arial","Timed"
"104","5c856d52bce73c00018c4508","SF","timed",0.166666666666667,"52","Sans Forgetica","Timed"
"105","5c888f3ba869d400019acb49","flu","self-paced",0.666666666666667,"53","Arial","Self-paced"
"106","5c888f3ba869d400019acb49","SF","self-paced",0.666666666666667,"53","Sans Forgetica","Self-paced"
"107","5c8961a1d810a700149dcfda","flu","self-paced",0.0833333333333333,"54","Arial","Self-paced"
"108","5c8961a1d810a700149dcfda","SF","self-paced",0.0833333333333333,"54","Sans Forgetica","Self-paced"
"109","5cb147e6c567c000012a6d51","flu","self-paced",0.5,"55","Arial","Self-paced"
"110","5cb147e6c567c000012a6d51","SF","self-paced",0.666666666666667,"55","Sans Forgetica","Self-paced"
"111","5cb1cd86637a05000187532b","flu","self-paced",0.333333333333333,"56","Arial","Self-paced"
"112","5cb1cd86637a05000187532b","SF","self-paced",0.333333333333333,"56","Sans Forgetica","Self-paced"
"113","5cba9a8a214b1a0016ccf708","flu","self-paced",0.666666666666667,"57","Arial","Self-paced"
"114","5cba9a8a214b1a0016ccf708","SF","self-paced",0.333333333333333,"57","Sans Forgetica","Self-paced"
"115","5cbdc6f1214b1a0015ccfbab","flu","timed",0,"58","Arial","Timed"
"116","5cbdc6f1214b1a0015ccfbab","SF","timed",0.333333333333333,"58","Sans Forgetica","Timed"
"117","5ce753de5434fd001b47e9fc","flu","timed",0.583333333333333,"59","Arial","Timed"
"118","5ce753de5434fd001b47e9fc","SF","timed",0.583333333333333,"59","Sans Forgetica","Timed"
"119","5ce85638c13fb9001a9d0d32","flu","self-paced",0.5,"60","Arial","Self-paced"
"120","5ce85638c13fb9001a9d0d32","SF","self-paced",0.416666666666667,"60","Sans Forgetica","Self-paced"
"121","5d16ab9b59da87001ac41a61","flu","timed",0.166666666666667,"61","Arial","Timed"
"122","5d16ab9b59da87001ac41a61","SF","timed",0.333333333333333,"61","Sans Forgetica","Timed"
"123","5d1d0270601cd7000172942f","flu","self-paced",0.333333333333333,"62","Arial","Self-paced"
"124","5d1d0270601cd7000172942f","SF","self-paced",0.666666666666667,"62","Sans Forgetica","Self-paced"
"125","5d206e075278fa001848134d","flu","self-paced",0.583333333333333,"63","Arial","Self-paced"
"126","5d206e075278fa001848134d","SF","self-paced",0.333333333333333,"63","Sans Forgetica","Self-paced"
"127","5d295e07d3edf9001a801625","flu","timed",0.666666666666667,"64","Arial","Timed"
"128","5d295e07d3edf9001a801625","SF","timed",0.75,"64","Sans Forgetica","Timed"
"129","5d30dea16f058500017d0d73","flu","timed",0.5,"65","Arial","Timed"
"130","5d30dea16f058500017d0d73","SF","timed",0.166666666666667,"65","Sans Forgetica","Timed"
"131","5d40d1ba12426c00157d3c7e","flu","timed",0.0833333333333333,"66","Arial","Timed"
"132","5d40d1ba12426c00157d3c7e","SF","timed",0.416666666666667,"66","Sans Forgetica","Timed"
"133","5d437dd5da6dc8001a544cf6","flu","self-paced",0.416666666666667,"67","Arial","Self-paced"
"134","5d437dd5da6dc8001a544cf6","SF","self-paced",0.583333333333333,"67","Sans Forgetica","Self-paced"
"135","5d443a1442cdc60001220097","flu","self-paced",0.25,"68","Arial","Self-paced"
"136","5d443a1442cdc60001220097","SF","self-paced",0.25,"68","Sans Forgetica","Self-paced"
"137","5d4709f1291942001c2bf782","flu","self-paced",0.166666666666667,"69","Arial","Self-paced"
"138","5d4709f1291942001c2bf782","SF","self-paced",0.666666666666667,"69","Sans Forgetica","Self-paced"
"139","5d4ecfd93273de0019663e6b","flu","timed",0.416666666666667,"70","Arial","Timed"
"140","5d4ecfd93273de0019663e6b","SF","timed",0.416666666666667,"70","Sans Forgetica","Timed"
"141","5d59d1c4f6a63300198681e8","flu","timed",0.583333333333333,"71","Arial","Timed"
"142","5d59d1c4f6a63300198681e8","SF","timed",0.666666666666667,"71","Sans Forgetica","Timed"
"143","5d6212e10f304e001a8b7a71","flu","timed",0.166666666666667,"72","Arial","Timed"
"144","5d6212e10f304e001a8b7a71","SF","timed",0.333333333333333,"72","Sans Forgetica","Timed"
"145","5d7db18e3baa8f000148f6c0","flu","timed",0.416666666666667,"73","Arial","Timed"
"146","5d7db18e3baa8f000148f6c0","SF","timed",0.583333333333333,"73","Sans Forgetica","Timed"
"147","5d8e361e6e920e0014b459d9","flu","self-paced",0.0833333333333333,"74","Arial","Self-paced"
"148","5d8e361e6e920e0014b459d9","SF","self-paced",0.166666666666667,"74","Sans Forgetica","Self-paced"
"149","5d906c7a0d760000173f71db","flu","timed",0.0833333333333333,"75","Arial","Timed"
"150","5d906c7a0d760000173f71db","SF","timed",0.0833333333333333,"75","Sans Forgetica","Timed"
"151","5d99898ab82ce10398fc1556","flu","self-paced",1,"76","Arial","Self-paced"
"152","5d99898ab82ce10398fc1556","SF","self-paced",1,"76","Sans Forgetica","Self-paced"
"153","5daa79d095be5f0017360d60","flu","self-paced",0.25,"77","Arial","Self-paced"
"154","5daa79d095be5f0017360d60","SF","self-paced",0.25,"77","Sans Forgetica","Self-paced"
"155","5db44511de8fe4000d6813a0","flu","self-paced",0.416666666666667,"78","Arial","Self-paced"
"156","5db44511de8fe4000d6813a0","SF","self-paced",0.333333333333333,"78","Sans Forgetica","Self-paced"
"157","5dc3545b178fc925f5334145","flu","self-paced",0.416666666666667,"79","Arial","Self-paced"
"158","5dc3545b178fc925f5334145","SF","self-paced",0.666666666666667,"79","Sans Forgetica","Self-paced"
"159","5dd00b29caee3e107a99f653","flu","timed",0.5,"80","Arial","Timed"
"160","5dd00b29caee3e107a99f653","SF","timed",0.416666666666667,"80","Sans Forgetica","Timed"
"161","5dd3dc145e91193b816a60e1","flu","self-paced",0,"81","Arial","Self-paced"
"162","5dd3dc145e91193b816a60e1","SF","self-paced",0,"81","Sans Forgetica","Self-paced"
"163","5dd41eae568ca540428e1620","flu","timed",0.5,"82","Arial","Timed"
"164","5dd41eae568ca540428e1620","SF","timed",0.666666666666667,"82","Sans Forgetica","Timed"
"165","5dda0a8b3c870a9824c901f5","flu","self-paced",0.25,"83","Arial","Self-paced"
"166","5dda0a8b3c870a9824c901f5","SF","self-paced",0.25,"83","Sans Forgetica","Self-paced"
"167","5de78a77599d506f27692fcf","flu","timed",0.416666666666667,"84","Arial","Timed"
"168","5de78a77599d506f27692fcf","SF","timed",0.583333333333333,"84","Sans Forgetica","Timed"
"169","5de9592f8d43d908baa05cc2","flu","self-paced",0.416666666666667,"85","Arial","Self-paced"
"170","5de9592f8d43d908baa05cc2","SF","self-paced",0.166666666666667,"85","Sans Forgetica","Self-paced"
"171","5df3b862ae7b3028f26b2509","flu","timed",0.25,"86","Arial","Timed"
"172","5df3b862ae7b3028f26b2509","SF","timed",0,"86","Sans Forgetica","Timed"
"173","5df8ebd9b6385366b2ec116e","flu","timed",0.25,"87","Arial","Timed"
"174","5df8ebd9b6385366b2ec116e","SF","timed",0.0833333333333333,"87","Sans Forgetica","Timed"
"175","5dfbb9eaae7b308dbf97a681","flu","timed",0.5,"88","Arial","Timed"
"176","5dfbb9eaae7b308dbf97a681","SF","timed",0.666666666666667,"88","Sans Forgetica","Timed"
"177","5dff723379f2fabb6ecc9622","flu","timed",0.333333333333333,"89","Arial","Timed"
"178","5dff723379f2fabb6ecc9622","SF","timed",0.416666666666667,"89","Sans Forgetica","Timed"
"179","5e04b9be7adf4bf23f066a2a","flu","timed",0.333333333333333,"90","Arial","Timed"
"180","5e04b9be7adf4bf23f066a2a","SF","timed",0.666666666666667,"90","Sans Forgetica","Timed"
"181","5e04f4bbafb8b0f605589b35","flu","timed",0.166666666666667,"91","Arial","Timed"
"182","5e04f4bbafb8b0f605589b35","SF","timed",0.25,"91","Sans Forgetica","Timed"
"183","5e08389f67f170185698a2be","flu","self-paced",0.166666666666667,"92","Arial","Self-paced"
"184","5e08389f67f170185698a2be","SF","self-paced",0.416666666666667,"92","Sans Forgetica","Self-paced"
"185","5e1643c3271305c216555087","flu","self-paced",0,"93","Arial","Self-paced"
"186","5e1643c3271305c216555087","SF","self-paced",0,"93","Sans Forgetica","Self-paced"
"187","5e26f1f9cf445f9239c88cb7","flu","self-paced",0.75,"94","Arial","Self-paced"
"188","5e26f1f9cf445f9239c88cb7","SF","self-paced",0.666666666666667,"94","Sans Forgetica","Self-paced"
"189","5e2784b2cf46ff9ab1191cc9","flu","self-paced",1,"95","Arial","Self-paced"
"190","5e2784b2cf46ff9ab1191cc9","SF","self-paced",1,"95","Sans Forgetica","Self-paced"
"191","5e2b31856d1e38180da77784","flu","self-paced",0.333333333333333,"96","Arial","Self-paced"
"192","5e2b31856d1e38180da77784","SF","self-paced",0.25,"96","Sans Forgetica","Self-paced"
"193","5e2b632409d1f701d8005bfe","flu","timed",0.5,"97","Arial","Timed"
"194","5e2b632409d1f701d8005bfe","SF","timed",0.75,"97","Sans Forgetica","Timed"
"195","5e2e461a432e4d4274be5f44","flu","timed",0.25,"98","Arial","Timed"
"196","5e2e461a432e4d4274be5f44","SF","timed",0.166666666666667,"98","Sans Forgetica","Timed"
"197","5e2f95da81f6df558263a6e0","flu","timed",0.25,"99","Arial","Timed"
"198","5e2f95da81f6df558263a6e0","SF","timed",0,"99","Sans Forgetica","Timed"
"199","5e33347ea707e906066a73d6","flu","timed",0.0833333333333333,"100","Arial","Timed"
"200","5e33347ea707e906066a73d6","SF","timed",0.5,"100","Sans Forgetica","Timed"
"201","5e370a4b41d1cd694e21f3fe","flu","timed",0.0833333333333333,"101","Arial","Timed"
"202","5e370a4b41d1cd694e21f3fe","SF","timed",0.166666666666667,"101","Sans Forgetica","Timed"
"203","5e387dba03aa45000bc6e272","flu","self-paced",0.333333333333333,"102","Arial","Self-paced"
"204","5e387dba03aa45000bc6e272","SF","self-paced",0.166666666666667,"102","Sans Forgetica","Self-paced"
"205","5e3d8f6b6b1c15033ce417f4","flu","timed",0.666666666666667,"103","Arial","Timed"
"206","5e3d8f6b6b1c15033ce417f4","SF","timed",0.333333333333333,"103","Sans Forgetica","Timed"
"207","5e4c56efdd24100b2ca392ba","flu","timed",0.333333333333333,"104","Arial","Timed"
"208","5e4c56efdd24100b2ca392ba","SF","timed",0.416666666666667,"104","Sans Forgetica","Timed"
"209","5e52a82ecd4f3b000c197841","flu","timed",0.5,"105","Arial","Timed"
"210","5e52a82ecd4f3b000c197841","SF","timed",0.5,"105","Sans Forgetica","Timed"
"211","5e52b9d51b67682d44d8679d","flu","self-paced",0.166666666666667,"106","Arial","Self-paced"
"212","5e52b9d51b67682d44d8679d","SF","self-paced",0.166666666666667,"106","Sans Forgetica","Self-paced"
"213","5e531b2205acdb33c0f5f24c","flu","self-paced",0.5,"107","Arial","Self-paced"
"214","5e531b2205acdb33c0f5f24c","SF","self-paced",0.5,"107","Sans Forgetica","Self-paced"
"215","5e567cd58e4500024e8d096c","flu","self-paced",0.416666666666667,"108","Arial","Self-paced"
"216","5e567cd58e4500024e8d096c","SF","self-paced",0.5,"108","Sans Forgetica","Self-paced"
"217","5e56f2e7ff61610a420f9bb2","flu","self-paced",0.833333333333333,"109","Arial","Self-paced"
"218","5e56f2e7ff61610a420f9bb2","SF","self-paced",0.666666666666667,"109","Sans Forgetica","Self-paced"
"219","5e64807cef9fad1fc7efbba5","flu","self-paced",0.416666666666667,"110","Arial","Self-paced"
"220","5e64807cef9fad1fc7efbba5","SF","self-paced",0.666666666666667,"110","Sans Forgetica","Self-paced"
"221","5e7b815adb5aba05af6e6cc7","flu","self-paced",0.333333333333333,"111","Arial","Self-paced"
"222","5e7b815adb5aba05af6e6cc7","SF","self-paced",0.166666666666667,"111","Sans Forgetica","Self-paced"
"223","5e8a30e32c33ae6d9a030603","flu","self-paced",0.25,"112","Arial","Self-paced"
"224","5e8a30e32c33ae6d9a030603","SF","self-paced",0.25,"112","Sans Forgetica","Self-paced"
"225","5e954b384491ad117052cd48","flu","self-paced",0.166666666666667,"113","Arial","Self-paced"
"226","5e954b384491ad117052cd48","SF","self-paced",0.166666666666667,"113","Sans Forgetica","Self-paced"
"227","5e960111bc10f706bfe802fe","flu","timed",0.833333333333333,"114","Arial","Timed"
"228","5e960111bc10f706bfe802fe","SF","timed",0.583333333333333,"114","Sans Forgetica","Timed"
"229","5e98f760b15997144ccb811c","flu","timed",0.166666666666667,"115","Arial","Timed"
"230","5e98f760b15997144ccb811c","SF","timed",0,"115","Sans Forgetica","Timed"
"231","5e9bbf225591a00cf81a872a","flu","timed",0.166666666666667,"116","Arial","Timed"
"232","5e9bbf225591a00cf81a872a","SF","timed",0.0833333333333333,"116","Sans Forgetica","Timed"
"233","5e9e5208595cb12230f38262","flu","timed",0.166666666666667,"117","Arial","Timed"
"234","5e9e5208595cb12230f38262","SF","timed",0.25,"117","Sans Forgetica","Timed"
"235","5e9f9c19695232149bb32a86","flu","self-paced",0.0833333333333333,"118","Arial","Self-paced"
"236","5e9f9c19695232149bb32a86","SF","self-paced",0.333333333333333,"118","Sans Forgetica","Self-paced"
"237","5ea0caf8cc5aed0c2532c8a4","flu","timed",0.666666666666667,"119","Arial","Timed"
"238","5ea0caf8cc5aed0c2532c8a4","SF","timed",0.333333333333333,"119","Sans Forgetica","Timed"
"239","5ea1d25da1c8d20bebd94bd3","flu","self-paced",0.25,"120","Arial","Self-paced"
"240","5ea1d25da1c8d20bebd94bd3","SF","self-paced",0.583333333333333,"120","Sans Forgetica","Self-paced"
"241","5ea9c19ffb690111a323008e","flu","self-paced",0.0833333333333333,"121","Arial","Self-paced"
"242","5ea9c19ffb690111a323008e","SF","self-paced",0,"121","Sans Forgetica","Self-paced"
"243","5ead74964a9aaa40560b5905","flu","self-paced",0.166666666666667,"122","Arial","Self-paced"
"244","5ead74964a9aaa40560b5905","SF","self-paced",0.583333333333333,"122","Sans Forgetica","Self-paced"
"245","5eb06c0a99e5ac10861a80a3","flu","timed",0.25,"123","Arial","Timed"
"246","5eb06c0a99e5ac10861a80a3","SF","timed",0.5,"123","Sans Forgetica","Timed"
"247","5eb1349410e0ce20c4e793e1","flu","timed",0.333333333333333,"124","Arial","Timed"
"248","5eb1349410e0ce20c4e793e1","SF","timed",0.5,"124","Sans Forgetica","Timed"
"249","5eb1c24d4e4f4e2fbeebf035","flu","self-paced",0.333333333333333,"125","Arial","Self-paced"
"250","5eb1c24d4e4f4e2fbeebf035","SF","self-paced",0.333333333333333,"125","Sans Forgetica","Self-paced"
"251","5eb2b9daade83c041e91d4b9","flu","timed",0.583333333333333,"126","Arial","Timed"
"252","5eb2b9daade83c041e91d4b9","SF","timed",0.583333333333333,"126","Sans Forgetica","Timed"
"253","5eb428144900992544ea8d58","flu","timed",0.333333333333333,"127","Arial","Timed"
"254","5eb428144900992544ea8d58","SF","timed",0.25,"127","Sans Forgetica","Timed"
"255","5eb5b8eb0231250e7042b157","flu","timed",0.5,"128","Arial","Timed"
"256","5eb5b8eb0231250e7042b157","SF","timed",0.25,"128","Sans Forgetica","Timed"
"257","5ec19ca1d0ff850911b13593","flu","timed",0.0833333333333333,"129","Arial","Timed"
"258","5ec19ca1d0ff850911b13593","SF","timed",0.416666666666667,"129","Sans Forgetica","Timed"
"259","5ec3f446aa5afd2881e19363","flu","self-paced",0.166666666666667,"130","Arial","Self-paced"
"260","5ec3f446aa5afd2881e19363","SF","self-paced",0.166666666666667,"130","Sans Forgetica","Self-paced"
"261","5ec46d59c1c5e016fafe11d6","flu","timed",0.0833333333333333,"131","Arial","Timed"
"262","5ec46d59c1c5e016fafe11d6","SF","timed",0.5,"131","Sans Forgetica","Timed"
"263","5ec6d87390a76a10759f56df","flu","self-paced",0.166666666666667,"132","Arial","Self-paced"
"264","5ec6d87390a76a10759f56df","SF","self-paced",0.166666666666667,"132","Sans Forgetica","Self-paced"
"265","5ec6e7b86820ac10f12bb0d4","flu","timed",0,"133","Arial","Timed"
"266","5ec6e7b86820ac10f12bb0d4","SF","timed",0,"133","Sans Forgetica","Timed"
"267","5ec70a83984a7413dd709fb9","flu","timed",0.166666666666667,"134","Arial","Timed"
"268","5ec70a83984a7413dd709fb9","SF","timed",0.583333333333333,"134","Sans Forgetica","Timed"
"269","5ec7d712dafc54256f9e903f","flu","self-paced",0.583333333333333,"135","Arial","Self-paced"
"270","5ec7d712dafc54256f9e903f","SF","self-paced",0.333333333333333,"135","Sans Forgetica","Self-paced"
"271","5ecc2f6c079cdc80b6b589f7","flu","self-paced",0.166666666666667,"136","Arial","Self-paced"
"272","5ecc2f6c079cdc80b6b589f7","SF","self-paced",0.333333333333333,"136","Sans Forgetica","Self-paced"
"273","5ed43533bdae560e1127454b","flu","self-paced",0,"137","Arial","Self-paced"
"274","5ed43533bdae560e1127454b","SF","self-paced",0,"137","Sans Forgetica","Self-paced"
"275","5ed7bd95115e060a56ea2d4c","flu","self-paced",0.25,"138","Arial","Self-paced"
"276","5ed7bd95115e060a56ea2d4c","SF","self-paced",0.0833333333333333,"138","Sans Forgetica","Self-paced"
"277","5edeb2f4cfbc2014d8efd88a","flu","timed",0.416666666666667,"139","Arial","Timed"
"278","5edeb2f4cfbc2014d8efd88a","SF","timed",0.583333333333333,"139","Sans Forgetica","Timed"
"279","5ee171492f43f71be5a35213","flu","self-paced",0.166666666666667,"140","Arial","Self-paced"
"280","5ee171492f43f71be5a35213","SF","self-paced",0.5,"140","Sans Forgetica","Self-paced"
"281","5ee50130f8d19d080bcc8263","flu","self-paced",0.166666666666667,"141","Arial","Self-paced"
"282","5ee50130f8d19d080bcc8263","SF","self-paced",0.416666666666667,"141","Sans Forgetica","Self-paced"
"283","5ee728b4b64c3301253b9311","flu","timed",0.416666666666667,"142","Arial","Timed"
"284","5ee728b4b64c3301253b9311","SF","timed",0.25,"142","Sans Forgetica","Timed"
"285","5ee96cbf2825f91f0f5f49d9","flu","timed",0.25,"143","Arial","Timed"
"286","5ee96cbf2825f91f0f5f49d9","SF","timed",0.416666666666667,"143","Sans Forgetica","Timed"
"287","5eecf79232fae00d585cd6f4","flu","self-paced",0.25,"144","Arial","Self-paced"
"288","5eecf79232fae00d585cd6f4","SF","self-paced",0.166666666666667,"144","Sans Forgetica","Self-paced"
"289","5eecf88a4e531e0e897631df","flu","timed",0,"145","Arial","Timed"
"290","5eecf88a4e531e0e897631df","SF","timed",0.166666666666667,"145","Sans Forgetica","Timed"
"291","5eeeb4ef8bee9f136a054a69","flu","timed",0.25,"146","Arial","Timed"
"292","5eeeb4ef8bee9f136a054a69","SF","timed",0.166666666666667,"146","Sans Forgetica","Timed"
"293","5ef25fdd6a2295940b1f3ab1","flu","timed",0.666666666666667,"147","Arial","Timed"
"294","5ef25fdd6a2295940b1f3ab1","SF","timed",0.75,"147","Sans Forgetica","Timed"
"295","5ef312020b917e01fc9d904b","flu","timed",0.333333333333333,"148","Arial","Timed"
"296","5ef312020b917e01fc9d904b","SF","timed",0.416666666666667,"148","Sans Forgetica","Timed"
"297","5ef47ce9b4fd3d0430658f9c","flu","timed",0.5,"149","Arial","Timed"
"298","5ef47ce9b4fd3d0430658f9c","SF","timed",0.5,"149","Sans Forgetica","Timed"
"299","5efbd7e8b3084f17e4bfe2b9","flu","self-paced",0.666666666666667,"150","Arial","Self-paced"
"300","5efbd7e8b3084f17e4bfe2b9","SF","self-paced",0.583333333333333,"150","Sans Forgetica","Self-paced"
"301","5f02928eb864764323d1f42a","flu","timed",0.5,"151","Arial","Timed"
"302","5f02928eb864764323d1f42a","SF","timed",0.416666666666667,"151","Sans Forgetica","Timed"
"303","5f068c1a0370401f6236812e","flu","self-paced",0.333333333333333,"152","Arial","Self-paced"
"304","5f068c1a0370401f6236812e","SF","self-paced",0.666666666666667,"152","Sans Forgetica","Self-paced"
"305","5f0d2ad60ad0d6730c380b05","flu","timed",0.833333333333333,"153","Arial","Timed"
"306","5f0d2ad60ad0d6730c380b05","SF","timed",0.583333333333333,"153","Sans Forgetica","Timed"
"307","5f0e6f42ed33880645dc0842","flu","self-paced",0.5,"154","Arial","Self-paced"
"308","5f0e6f42ed33880645dc0842","SF","self-paced",0.0833333333333333,"154","Sans Forgetica","Self-paced"
"309","5f0f6341b0b87f08708229b9","flu","timed",0.25,"155","Arial","Timed"
"310","5f0f6341b0b87f08708229b9","SF","timed",0.75,"155","Sans Forgetica","Timed"
"311","5f12fa2b44b6a42a83519a79","flu","timed",0.416666666666667,"156","Arial","Timed"
"312","5f12fa2b44b6a42a83519a79","SF","timed",0.333333333333333,"156","Sans Forgetica","Timed"
"313","5f15b1ffb0fa876a3a19acf7","flu","self-paced",0.0833333333333333,"157","Arial","Self-paced"
"314","5f15b1ffb0fa876a3a19acf7","SF","self-paced",0.416666666666667,"157","Sans Forgetica","Self-paced"
"315","5f171b6978c6ae032e458f06","flu","timed",0.166666666666667,"158","Arial","Timed"
"316","5f171b6978c6ae032e458f06","SF","timed",0.0833333333333333,"158","Sans Forgetica","Timed"
"317","5f1c2ebf1d8b7c48ad3ec3db","flu","timed",0.166666666666667,"159","Arial","Timed"
"318","5f1c2ebf1d8b7c48ad3ec3db","SF","timed",0.416666666666667,"159","Sans Forgetica","Timed"
"319","5f1e192b8d05fc380e73cf4d","flu","timed",0.166666666666667,"160","Arial","Timed"
"320","5f1e192b8d05fc380e73cf4d","SF","timed",0.0833333333333333,"160","Sans Forgetica","Timed"
"321","5f1e22ae2c833f3722aa7186","flu","timed",0.0833333333333333,"161","Arial","Timed"
"322","5f1e22ae2c833f3722aa7186","SF","timed",0.166666666666667,"161","Sans Forgetica","Timed"
"323","5f1f9c1e6342c31c5c9ebe0a","flu","timed",0.5,"162","Arial","Timed"
"324","5f1f9c1e6342c31c5c9ebe0a","SF","timed",0.583333333333333,"162","Sans Forgetica","Timed"
"325","5f254fe600b37f1c905e56e3","flu","timed",0.0833333333333333,"163","Arial","Timed"
"326","5f254fe600b37f1c905e56e3","SF","timed",0.333333333333333,"163","Sans Forgetica","Timed"
"327","5f28df0b329da326ded58f78","flu","timed",0.0833333333333333,"164","Arial","Timed"
"328","5f28df0b329da326ded58f78","SF","timed",0.5,"164","Sans Forgetica","Timed"
"329","5f3452f3425095342490277e","flu","self-paced",0.333333333333333,"165","Arial","Self-paced"
"330","5f3452f3425095342490277e","SF","self-paced",0.166666666666667,"165","Sans Forgetica","Self-paced"
"331","5f35e08d59d6ab62c342f8ad","flu","timed",0.166666666666667,"166","Arial","Timed"
"332","5f35e08d59d6ab62c342f8ad","SF","timed",0.583333333333333,"166","Sans Forgetica","Timed"
"333","5f35f4814afea863300645e4","flu","timed",0.333333333333333,"167","Arial","Timed"
"334","5f35f4814afea863300645e4","SF","timed",0.5,"167","Sans Forgetica","Timed"
"335","5f39fa54b21dd45aff14645c","flu","timed",0.583333333333333,"168","Arial","Timed"
"336","5f39fa54b21dd45aff14645c","SF","timed",0.5,"168","Sans Forgetica","Timed"
"337","5f3d88e03a16f0163ff5b93a","flu","self-paced",0.25,"169","Arial","Self-paced"
"338","5f3d88e03a16f0163ff5b93a","SF","self-paced",0.166666666666667,"169","Sans Forgetica","Self-paced"
"339","5f41b3e5d54b8c16a59402f1","flu","self-paced",0.916666666666667,"170","Arial","Self-paced"
"340","5f41b3e5d54b8c16a59402f1","SF","self-paced",0.833333333333333,"170","Sans Forgetica","Self-paced"
"341","5f430c46a5518f171572f8d1","flu","timed",0.416666666666667,"171","Arial","Timed"
"342","5f430c46a5518f171572f8d1","SF","timed",0.916666666666667,"171","Sans Forgetica","Timed"
"343","5f480fee3ff0462a1e64d4ff","flu","timed",0.166666666666667,"172","Arial","Timed"
"344","5f480fee3ff0462a1e64d4ff","SF","timed",0.25,"172","Sans Forgetica","Timed"
"345","5f4dfdb3a7461bad5d3dd157","flu","self-paced",0.0833333333333333,"173","Arial","Self-paced"
"346","5f4dfdb3a7461bad5d3dd157","SF","self-paced",0.166666666666667,"173","Sans Forgetica","Self-paced"
"347","5f4fe426bc50f511ff591125","flu","self-paced",0,"174","Arial","Self-paced"
"348","5f4fe426bc50f511ff591125","SF","self-paced",0,"174","Sans Forgetica","Self-paced"
"349","5f5127ced786f21277aa39da","flu","self-paced",0.0833333333333333,"175","Arial","Self-paced"
"350","5f5127ced786f21277aa39da","SF","self-paced",0.0833333333333333,"175","Sans Forgetica","Self-paced"
"351","5f51530ebc50f53857d60824","flu","timed",0.5,"176","Arial","Timed"
"352","5f51530ebc50f53857d60824","SF","timed",0.25,"176","Sans Forgetica","Timed"
"353","5f60fa0a0543ce036fa68ba0","flu","timed",0.25,"177","Arial","Timed"
"354","5f60fa0a0543ce036fa68ba0","SF","timed",0.166666666666667,"177","Sans Forgetica","Timed"
"355","5f627a1e4b807f1aa7e35280","flu","timed",0.583333333333333,"178","Arial","Timed"
"356","5f627a1e4b807f1aa7e35280","SF","timed",0.583333333333333,"178","Sans Forgetica","Timed"
"357","5f6592b0534630116af73d11","flu","timed",0.416666666666667,"179","Arial","Timed"
"358","5f6592b0534630116af73d11","SF","timed",0.25,"179","Sans Forgetica","Timed"
"359","5f690f742f60ad0e80c1c605","flu","timed",0.583333333333333,"180","Arial","Timed"
"360","5f690f742f60ad0e80c1c605","SF","timed",0.583333333333333,"180","Sans Forgetica","Timed"
"361","5f6ea1541b1cd73f7201953d","flu","self-paced",0.166666666666667,"181","Arial","Self-paced"
"362","5f6ea1541b1cd73f7201953d","SF","self-paced",0.333333333333333,"181","Sans Forgetica","Self-paced"
"363","5f700e2d56de4b5dd5ccc0c3","flu","timed",0.25,"182","Arial","Timed"
"364","5f700e2d56de4b5dd5ccc0c3","SF","timed",0.0833333333333333,"182","Sans Forgetica","Timed"
"365","5f7058deeb83ab60bb836eae","flu","timed",0.583333333333333,"183","Arial","Timed"
"366","5f7058deeb83ab60bb836eae","SF","timed",0.833333333333333,"183","Sans Forgetica","Timed"
"367","5f74d25c5d9287101a1d1752","flu","timed",0.666666666666667,"184","Arial","Timed"
"368","5f74d25c5d9287101a1d1752","SF","timed",0.583333333333333,"184","Sans Forgetica","Timed"
"369","5f8127fb4dc3ba1e0c1bd84f","flu","timed",0.25,"185","Arial","Timed"
"370","5f8127fb4dc3ba1e0c1bd84f","SF","timed",0.166666666666667,"185","Sans Forgetica","Timed"
"371","5f834ed4ec89344b7df15bbd","flu","self-paced",0.916666666666667,"186","Arial","Self-paced"
"372","5f834ed4ec89344b7df15bbd","SF","self-paced",0.833333333333333,"186","Sans Forgetica","Self-paced"
"373","5f83be35fedb0355c6dec549","flu","self-paced",0.333333333333333,"187","Arial","Self-paced"
"374","5f83be35fedb0355c6dec549","SF","self-paced",0.25,"187","Sans Forgetica","Self-paced"
"375","5f89b218ad8da60967bb34b1","flu","self-paced",0.0833333333333333,"188","Arial","Self-paced"
"376","5f89b218ad8da60967bb34b1","SF","self-paced",0.583333333333333,"188","Sans Forgetica","Self-paced"
"377","5f8bd0a44685a00008f45486","flu","timed",0.333333333333333,"189","Arial","Timed"
"378","5f8bd0a44685a00008f45486","SF","timed",0.416666666666667,"189","Sans Forgetica","Timed"
"379","5f9034a241bf1e08f4486356","flu","self-paced",0.166666666666667,"190","Arial","Self-paced"
"380","5f9034a241bf1e08f4486356","SF","self-paced",0.166666666666667,"190","Sans Forgetica","Self-paced"
"381","5f91e73c22a18d0d03dc4d49","flu","timed",0.5,"191","Arial","Timed"
"382","5f91e73c22a18d0d03dc4d49","SF","timed",0,"191","Sans Forgetica","Timed"
"383","5f9389359e419016498ca01a","flu","timed",0.833333333333333,"192","Arial","Timed"
"384","5f9389359e419016498ca01a","SF","timed",0.666666666666667,"192","Sans Forgetica","Timed"
"385","5f96208d76c05e4f3a4d78a6","flu","timed",0.0833333333333333,"193","Arial","Timed"
"386","5f96208d76c05e4f3a4d78a6","SF","timed",0.583333333333333,"193","Sans Forgetica","Timed"
"387","5f9b13feb3e73b17096bc8f6","flu","self-paced",0.583333333333333,"194","Arial","Self-paced"
"388","5f9b13feb3e73b17096bc8f6","SF","self-paced",0.166666666666667,"194","Sans Forgetica","Self-paced"
"389","5f9b83e8a6c3433ac783f4d4","flu","timed",0.333333333333333,"195","Arial","Timed"
"390","5f9b83e8a6c3433ac783f4d4","SF","timed",0.333333333333333,"195","Sans Forgetica","Timed"
"391","5f9c4ed65eb24e0c5a37473d","flu","self-paced",0.25,"196","Arial","Self-paced"
"392","5f9c4ed65eb24e0c5a37473d","SF","self-paced",0.583333333333333,"196","Sans Forgetica","Self-paced"
"393","5fac996c2cd1ad2b50292dcf","flu","timed",0.166666666666667,"197","Arial","Timed"
"394","5fac996c2cd1ad2b50292dcf","SF","timed",0.5,"197","Sans Forgetica","Timed"
"395","5fae366541b4ac2840588d43","flu","self-paced",0.166666666666667,"198","Arial","Self-paced"
"396","5fae366541b4ac2840588d43","SF","self-paced",0.166666666666667,"198","Sans Forgetica","Self-paced"
"397","5fb3ed13721e65000b9c1e30","flu","self-paced",0.25,"199","Arial","Self-paced"
"398","5fb3ed13721e65000b9c1e30","SF","self-paced",0.333333333333333,"199","Sans Forgetica","Self-paced"
"399","5fb44b63888ecf10b8dee53d","flu","self-paced",0,"200","Arial","Self-paced"
"400","5fb44b63888ecf10b8dee53d","SF","self-paced",0.416666666666667,"200","Sans Forgetica","Self-paced"
"401","5fb5dfa5df577200090d9dc4","flu","self-paced",0.166666666666667,"201","Arial","Self-paced"
"402","5fb5dfa5df577200090d9dc4","SF","self-paced",0.416666666666667,"201","Sans Forgetica","Self-paced"
"403","5fbaaab1be0cdb87749f4f04","flu","timed",0.0833333333333333,"202","Arial","Timed"
"404","5fbaaab1be0cdb87749f4f04","SF","timed",0.166666666666667,"202","Sans Forgetica","Timed"
"405","5fbbfbad60761c051906a9df","flu","self-paced",0.416666666666667,"203","Arial","Self-paced"
"406","5fbbfbad60761c051906a9df","SF","self-paced",0.416666666666667,"203","Sans Forgetica","Self-paced"
"407","5fbd6a6bded4440009064c7e","flu","timed",0.583333333333333,"204","Arial","Timed"
"408","5fbd6a6bded4440009064c7e","SF","timed",0.5,"204","Sans Forgetica","Timed"
"409","5fc05cd9a7f9354ece3923f6","flu","timed",0.333333333333333,"205","Arial","Timed"
"410","5fc05cd9a7f9354ece3923f6","SF","timed",0.166666666666667,"205","Sans Forgetica","Timed"
"411","5fc26dcdfffc130cf3e3d951","flu","self-paced",0.25,"206","Arial","Self-paced"
"412","5fc26dcdfffc130cf3e3d951","SF","self-paced",0.75,"206","Sans Forgetica","Self-paced"
"413","5fc389e2c42314669487410a","flu","self-paced",0.5,"207","Arial","Self-paced"
"414","5fc389e2c42314669487410a","SF","self-paced",0.583333333333333,"207","Sans Forgetica","Self-paced"
"415","5fc39fb1dfcbb7597a596070","flu","self-paced",0.25,"208","Arial","Self-paced"
"416","5fc39fb1dfcbb7597a596070","SF","self-paced",0.166666666666667,"208","Sans Forgetica","Self-paced"
"417","5fc460087eebcc8af045e624","flu","self-paced",0.333333333333333,"209","Arial","Self-paced"
"418","5fc460087eebcc8af045e624","SF","self-paced",0.25,"209","Sans Forgetica","Self-paced"
"419","5fc6907fb32596070b55ad28","flu","self-paced",0.333333333333333,"210","Arial","Self-paced"
"420","5fc6907fb32596070b55ad28","SF","self-paced",0.666666666666667,"210","Sans Forgetica","Self-paced"
"421","5fc838109e99f3178d83db35","flu","self-paced",0.75,"211","Arial","Self-paced"
"422","5fc838109e99f3178d83db35","SF","self-paced",0.666666666666667,"211","Sans Forgetica","Self-paced"
"423","5fc843f1d115ef1b7d60a2a8","flu","timed",0.333333333333333,"212","Arial","Timed"
"424","5fc843f1d115ef1b7d60a2a8","SF","timed",0.583333333333333,"212","Sans Forgetica","Timed"
"425","5fca78e0721e0f10a3b188ee","flu","timed",0.333333333333333,"213","Arial","Timed"
"426","5fca78e0721e0f10a3b188ee","SF","timed",0.166666666666667,"213","Sans Forgetica","Timed"
"427","5fcac27c64514e7530482d6b","flu","self-paced",0.166666666666667,"214","Arial","Self-paced"
"428","5fcac27c64514e7530482d6b","SF","self-paced",0,"214","Sans Forgetica","Self-paced"
"429","5fd4fd9ea4bf792ea50edca1","flu","self-paced",0.5,"215","Arial","Self-paced"
"430","5fd4fd9ea4bf792ea50edca1","SF","self-paced",0.5,"215","Sans Forgetica","Self-paced"
"431","5fd517040d634031709c62cc","flu","self-paced",0.416666666666667,"216","Arial","Self-paced"
"432","5fd517040d634031709c62cc","SF","self-paced",0.5,"216","Sans Forgetica","Self-paced"
"433","5fd5170d85f88c32434b6dbd","flu","self-paced",0,"217","Arial","Self-paced"
"434","5fd5170d85f88c32434b6dbd","SF","self-paced",0,"217","Sans Forgetica","Self-paced"
"435","5fd716f06e64af68413697b9","flu","self-paced",1,"218","Arial","Self-paced"
"436","5fd716f06e64af68413697b9","SF","self-paced",1,"218","Sans Forgetica","Self-paced"
"437","5fd8fa9fe3104a126ead94ae","flu","timed",0.416666666666667,"219","Arial","Timed"
"438","5fd8fa9fe3104a126ead94ae","SF","timed",0.5,"219","Sans Forgetica","Timed"
"439","5fda666c8ffdad47d686f05d","flu","self-paced",0.166666666666667,"220","Arial","Self-paced"
"440","5fda666c8ffdad47d686f05d","SF","self-paced",0.25,"220","Sans Forgetica","Self-paced"
"441","5fdb7dac4c7aaa9095ca1f4f","flu","self-paced",0,"221","Arial","Self-paced"
"442","5fdb7dac4c7aaa9095ca1f4f","SF","self-paced",0,"221","Sans Forgetica","Self-paced"
"443","5fdba0fa8929f002d77a2aef","flu","self-paced",0.0833333333333333,"222","Arial","Self-paced"
"444","5fdba0fa8929f002d77a2aef","SF","self-paced",0.166666666666667,"222","Sans Forgetica","Self-paced"
"445","5fdbae0584b3a90525410347","flu","self-paced",0.916666666666667,"223","Arial","Self-paced"
"446","5fdbae0584b3a90525410347","SF","self-paced",0.416666666666667,"223","Sans Forgetica","Self-paced"
"447","5fdbbf7fbd6f23087929ced8","flu","self-paced",0.333333333333333,"224","Arial","Self-paced"
"448","5fdbbf7fbd6f23087929ced8","SF","self-paced",0.166666666666667,"224","Sans Forgetica","Self-paced"
"449","5fdbc71383f6af04b9a041ad","flu","self-paced",0,"225","Arial","Self-paced"
"450","5fdbc71383f6af04b9a041ad","SF","self-paced",0,"225","Sans Forgetica","Self-paced"
"451","5fe15765ead1703dc4921466","flu","self-paced",1,"226","Arial","Self-paced"
"452","5fe15765ead1703dc4921466","SF","self-paced",1,"226","Sans Forgetica","Self-paced"
"453","5fe3a3658bcb1f09395ae454","flu","self-paced",0.833333333333333,"227","Arial","Self-paced"
"454","5fe3a3658bcb1f09395ae454","SF","self-paced",0.75,"227","Sans Forgetica","Self-paced"
"455","5fe4bc4c5474cd26200e2e01","flu","self-paced",0.0833333333333333,"228","Arial","Self-paced"
"456","5fe4bc4c5474cd26200e2e01","SF","self-paced",0.333333333333333,"228","Sans Forgetica","Self-paced"
"457","5fe6c6d0d4f1e4025106537b","flu","self-paced",0.333333333333333,"229","Arial","Self-paced"
"458","5fe6c6d0d4f1e4025106537b","SF","self-paced",0.416666666666667,"229","Sans Forgetica","Self-paced"
"459","5fe904bfeed16d83193f03a6","flu","timed",0.166666666666667,"230","Arial","Timed"
"460","5fe904bfeed16d83193f03a6","SF","timed",0.166666666666667,"230","Sans Forgetica","Timed"
"461","5fe92034eb52708677664918","flu","self-paced",0.333333333333333,"231","Arial","Self-paced"
"462","5fe92034eb52708677664918","SF","self-paced",0.25,"231","Sans Forgetica","Self-paced"
"463","5fe95a890d786d3acd6efd81","flu","self-paced",0.0833333333333333,"232","Arial","Self-paced"
"464","5fe95a890d786d3acd6efd81","SF","self-paced",0.0833333333333333,"232","Sans Forgetica","Self-paced"
